,tmdb_id,genre1,genre2,genre3
0,77338.0,Drama,Comedy,
1,262391.0,Comedy,,
2,140607.0,Action,Adventure,Science Fiction
3,420818.0,Adventure,Family,Animation
4,52077.0,Comedy,,
5,304410.0,Comedy,Music,
6,304410.0,Comedy,Music,
7,330457.0,Family,Animation,Adventure
8,181808.0,Science Fiction,Action,Adventure
9,37724.0,Action,Adventure,Thriller
10,299534.0,Adventure,Science Fiction,Action
11,505436.0,Comedy,,
12,57800.0,Animation,Comedy,Adventure
13,211672.0,Family,Animation,Adventure
14,12444.0,Adventure,Fantasy,
15,12445.0,Fantasy,Adventure,
16,181812.0,Action,Adventure,Science Fiction
17,260513.0,Action,Adventure,Animation
18,424619.0,Comedy,,
19,324852.0,Action,Animation,Comedy
20,456165.0,Comedy,,
21,277834.0,Adventure,Comedy,Family
22,475557.0,Crime,Thriller,Drama
23,48034.0,Comedy,Drama,
24,17578.0,Adventure,Animation,Mystery
25,102207.0,Adventure,Comedy,Family
26,248507.0,Comedy,,
27,135397.0,Action,Adventure,Science Fiction
28,240832.0,Action,Science Fiction,
29,109445.0,Animation,Family,Adventure
30,299536.0,Adventure,Action,Science Fiction
31,122917.0,Action,Adventure,Fantasy
32,206647.0,Action,Adventure,Thriller
33,27205.0,Action,Science Fiction,Adventure
34,122917.0,Action,Adventure,Fantasy
35,269149.0,Animation,Adventure,Family
36,1865.0,Adventure,Action,Fantasy
37,57158.0,Fantasy,Adventure,Action
38,93456.0,Animation,Comedy,Family
39,168259.0,Action,Thriller,Crime
40,10192.0,Comedy,Adventure,Fantasy
41,369776.0,Comedy,,
42,86868.0,Comedy,,
43,301528.0,Family,Adventure,Animation
44,382597.0,Action,Comedy,
45,12155.0,Family,Fantasy,Adventure
46,50620.0,Adventure,Fantasy,Drama
47,26603.0,Comedy,Fantasy,
48,24428.0,Science Fiction,Action,Adventure
49,49051.0,Adventure,Fantasy,Action
50,354912.0,Family,Animation,Fantasy
51,420817.0,Adventure,Fantasy,Romance
52,49026.0,Action,Crime,Drama
53,68721.0,Action,Adventure,Science Fiction
54,424694.0,Music,Drama,History
55,10193.0,Animation,Family,Comedy
56,99861.0,Action,Adventure,Science Fiction
57,68718.0,Drama,Western,
58,68718.0,Drama,Western,
59,484482.0,Drama,Comedy,
60,49047.0,Science Fiction,Thriller,Drama
61,344830.0,Not found,,
62,339964.0,Adventure,Science Fiction,Action
63,338952.0,Adventure,Fantasy,Drama
64,435259.0,Not found,,
65,38757.0,Animation,Family,
66,38277.0,Comedy,,
67,182219.0,Comedy,,
68,459151.0,Animation,Comedy,Adventure
69,24021.0,Adventure,Fantasy,Drama
70,527729.0,Family,Animation,Comedy
71,281957.0,Western,Drama,Adventure
72,10198.0,Romance,Family,Animation
73,337339.0,Action,Crime,Thriller
74,99770.0,Family,Adventure,Comedy
75,41211.0,Romance,Comedy,
76,417859.0,Animation,Adventure,Comedy
77,119450.0,Science Fiction,Action,Drama
78,293660.0,Action,Adventure,Comedy
79,328111.0,Adventure,Comedy,Animation
80,278927.0,Family,Adventure,Drama
81,284054.0,Action,Adventure,Science Fiction
82,166426.0,Adventure,Action,Fantasy
83,434355.0,Comedy,Action,
84,135397.0,Action,Adventure,Science Fiction
85,50619.0,Adventure,Fantasy,Romance
86,398929.0,Comedy,,
87,321612.0,Family,Fantasy,Romance
88,335797.0,Animation,Comedy,Family
89,278154.0,Adventure,Animation,Family
90,325844.0,Comedy,,
91,325844.0,Comedy,,
92,127380.0,Adventure,Animation,Comedy
93,82702.0,Fantasy,Action,Adventure
94,353486.0,Adventure,Action,Comedy
95,299537.0,Action,Adventure,Science Fiction
96,166428.0,Animation,Family,Adventure
97,80321.0,Animation,Family,Comedy
98,112198.0,Drama,Comedy,
99,127585.0,Action,Adventure,Fantasy
100,297802.0,Action,Adventure,Fantasy
101,172385.0,Adventure,Animation,Comedy
102,512200.0,Adventure,Comedy,Fantasy
103,61791.0,Thriller,Action,Drama
104,382591.0,Drama,Comedy,
105,382591.0,Drama,Comedy,
106,98205.0,Drama,War,
107,283995.0,Adventure,Action,Science Fiction
108,131631.0,Science Fiction,Adventure,Thriller
109,429617.0,Action,Adventure,Science Fiction
110,375804.0,Comedy,,
111,46332.0,Drama,History,
112,331836.0,Comedy,,
113,294254.0,Science Fiction,Action,Thriller
114,101299.0,Adventure,Action,Science Fiction
115,42949.0,Animation,Adventure,Fantasy
116,198663.0,Action,Mystery,Science Fiction
117,341174.0,Drama,Romance,
118,11324.0,Drama,Thriller,Mystery
119,22954.0,Drama,History,
120,269148.0,Drama,Comedy,
121,190859.0,War,Action,
122,400155.0,Family,Fantasy,Comedy
123,74643.0,Drama,Comedy,Romance
124,45269.0,Drama,History,
125,432068.0,Comedy,,
126,353081.0,Action,Adventure,
127,106646.0,Crime,Drama,Comedy
128,20352.0,Family,Animation,Comedy
129,75656.0,Thriller,Crime,
130,204668.0,Adventure,,
131,170522.0,Animation,Comedy,Adventure
132,82992.0,Action,Thriller,Crime
133,271110.0,Adventure,Action,Science Fiction
134,49013.0,Animation,Family,Adventure
135,382511.0,Comedy,,
136,190880.0,Comedy,,
137,82675.0,Action,Crime,Thriller
138,319341.0,Comedy,,
139,281338.0,Drama,Science Fiction,War
140,70160.0,Science Fiction,Adventure,Fantasy
141,36970.0,Documentary,Family,
142,41411.0,Drama,History,War
143,198663.0,Action,Mystery,Science Fiction
144,81188.0,Family,Animation,Fantasy
145,353081.0,Action,Adventure,
146,542830.0,Comedy,Drama,
147,116149.0,Comedy,Adventure,Family
148,41513.0,Animation,Family,Adventure
149,337167.0,Drama,Romance,
150,337167.0,Drama,Romance,
151,260514.0,Animation,Adventure,Comedy
152,105864.0,Adventure,Animation,Family
153,313369.0,Comedy,Drama,Romance
154,136799.0,Family,Animation,Fantasy
155,420809.0,Family,Fantasy,Adventure
156,133469.0,Drama,Comedy,Romance
157,283366.0,Fantasy,Adventure,Family
158,157336.0,Adventure,Drama,Science Fiction
159,49444.0,Animation,Family,
160,466272.0,Comedy,Drama,Thriller
161,335988.0,Action,Adventure,Science Fiction
162,44214.0,Drama,Thriller,Horror
163,260346.0,Thriller,Action,
164,383498.0,Action,Comedy,Adventure
165,140300.0,Action,Adventure,Animation
166,10138.0,Adventure,Action,Science Fiction
167,1930.0,Action,Adventure,Fantasy
168,374720.0,War,Action,Drama
169,286217.0,Drama,Adventure,Science Fiction
170,82992.0,Action,Thriller,Crime
171,284053.0,Action,Adventure,Fantasy
172,420817.0,Adventure,Fantasy,Romance
173,45243.0,Comedy,,
174,209112.0,Action,Adventure,Fantasy
175,77950.0,Animation,Family,
176,432613.0,Comedy,,
177,277368.0,Family,Comedy,
178,72190.0,Action,Drama,Horror
179,364689.0,Animation,Family,Adventure
180,384018.0,Action,Adventure,Comedy
181,384018.0,Action,Adventure,Comedy
182,384018.0,Action,Adventure,Comedy
183,384018.0,Action,Adventure,Comedy
184,157350.0,Action,Adventure,Science Fiction
185,458534.0,Comedy,Romance,
186,458534.0,Comedy,Romance,
187,353081.0,Action,Adventure,
188,71157.0,Drama,Thriller,
189,280391.0,Adventure,Comedy,Animation
190,167613.0,Not found,,
191,329996.0,Family,Fantasy,Adventure
192,118340.0,Action,Science Fiction,Adventure
193,20662.0,Adventure,Action,History
194,10528.0,Action,Adventure,Crime
195,46195.0,Animation,Adventure,Comedy
196,360920.0,Animation,Family,Comedy
197,76341.0,Action,Adventure,Science Fiction
198,262551.0,Comedy,,
199,76338.0,Action,Adventure,Fantasy
200,80015.0,Comedy,,
201,49519.0,Animation,Adventure,Family
202,335988.0,Action,Adventure,Science Fiction
203,459616.0,Comedy,,
204,404368.0,Family,Animation,Comedy
205,263115.0,Action,Drama,Science Fiction
206,270946.0,Family,Animation,Adventure
207,429617.0,Action,Adventure,Science Fiction
208,51447.0,Comedy,,
209,166428.0,Animation,Family,Adventure
210,429617.0,Action,Adventure,Science Fiction
211,49521.0,Action,Adventure,Fantasy
212,159824.0,Family,Animation,Comedy
213,89899.0,Comedy,,
214,246320.0,Comedy,,
215,335983.0,Science Fiction,Action,
216,436969.0,Action,Adventure,Fantasy
217,412117.0,Adventure,Animation,Comedy
218,333339.0,Science Fiction,Adventure,Action
219,41513.0,Animation,Family,Adventure
220,346364.0,Horror,Fantasy,
221,57243.0,Comedy,,
222,383869.0,Comedy,,
223,297762.0,Action,Adventure,Fantasy
224,127585.0,Action,Adventure,Fantasy
225,10528.0,Action,Adventure,Crime
226,62211.0,Animation,Family,
227,41154.0,Action,Comedy,Science Fiction
228,157350.0,Action,Adventure,Science Fiction
229,579245.0,Comedy,Drama,
230,127585.0,Action,Adventure,Fantasy
231,490132.0,Drama,Comedy,
232,430424.0,Drama,Crime,War
233,430424.0,Drama,Crime,War
234,102651.0,Fantasy,Adventure,Action
235,399579.0,Action,Science Fiction,Adventure
236,332562.0,Drama,Romance,Music
237,451500.0,Comedy,,
238,76170.0,Action,Science Fiction,Adventure
239,612368.0,Drama,,
240,284052.0,Action,Adventure,Fantasy
241,126125.0,Not found,,
242,431580.0,Family,Animation,Adventure
243,58595.0,Adventure,Fantasy,Drama
244,578489.0,,,
245,62213.0,Comedy,Fantasy,
246,277839.0,Comedy,,
247,375798.0,Comedy,,
248,97365.0,Drama,Romance,
249,109439.0,Comedy,,
250,252607.0,Comedy,,
251,271110.0,Adventure,Action,Science Fiction
252,210577.0,Mystery,Thriller,Drama
253,87101.0,Science Fiction,Action,Thriller
254,121856.0,Action,Adventure,Science Fiction
255,346648.0,Adventure,Comedy,Family
256,139156.0,Comedy,,
257,446894.0,Family,Animation,Adventure
258,70981.0,Science Fiction,Adventure,Mystery
259,248705.0,Comedy,,
260,342473.0,Animation,Adventure,Comedy
261,47964.0,Action,Thriller,
262,172106.0,Drama,,
263,587301.0,Drama,Comedy,
264,66118.0,Comedy,,
265,167613.0,Not found,,
266,41513.0,Animation,Family,Adventure
267,219318.0,Comedy,,
268,98566.0,Science Fiction,Action,Adventure
269,98566.0,Science Fiction,Action,Adventure
270,381288.0,Horror,Thriller,
271,102899.0,Science Fiction,Action,Adventure
272,480530.0,Drama,,
273,70160.0,Science Fiction,Adventure,Fantasy
274,77459.0,Adventure,Animation,Comedy
275,10195.0,Adventure,Fantasy,Action
276,177572.0,Adventure,Family,Animation
277,469274.0,Adventure,Comedy,
278,447404.0,Action,Adventure,Fantasy
279,151960.0,Animation,Family,Adventure
280,151960.0,Animation,Family,Adventure
281,207703.0,Crime,Comedy,Action
282,207703.0,Crime,Comedy,Action
283,82690.0,Family,Animation,Comedy
284,126125.0,Not found,,
285,183836.0,Comedy,,
286,487476.0,Drama,Comedy,
287,245775.0,Drama,,
288,245775.0,Drama,,
289,35552.0,Fantasy,Adventure,Action
290,250349.0,Comedy,,
291,68728.0,Fantasy,Adventure,Family
292,64690.0,Drama,Thriller,Crime
293,399121.0,History,Drama,Thriller
294,484468.0,Thriller,Action,
295,250546.0,Horror,,
296,206408.0,Comedy,Drama,Romance
297,400650.0,Fantasy,Family,Comedy
298,197950.0,Action,Crime,Thriller
299,68724.0,Science Fiction,Action,Drama
300,323020.0,Comedy,,
301,375950.0,Drama,Comedy,
302,37686.0,Thriller,Science Fiction,Mystery
303,474350.0,Horror,Fantasy,
304,37799.0,Drama,,
305,157350.0,Action,Adventure,Science Fiction
306,324668.0,Action,Thriller,
307,35025.0,Comedy,,
308,27576.0,Action,Mystery,Thriller
309,120467.0,Comedy,Drama,
310,120467.0,Comedy,Drama,
311,75258.0,Animation,Family,Fantasy
312,138843.0,Horror,Thriller,
313,140870.0,Animation,Adventure,Family
314,392044.0,Mystery,Crime,Drama
315,160588.0,Drama,,
316,160588.0,Drama,,
317,94196.0,Family,Animation,
318,88794.0,Drama,Crime,History
319,589982.0,Adventure,Family,
320,498248.0,Adventure,Family,Drama
321,335988.0,Action,Adventure,Science Fiction
322,87101.0,Science Fiction,Action,Thriller
323,44269.0,Comedy,,
324,75780.0,Crime,Drama,Thriller
325,127585.0,Action,Adventure,Fantasy
326,348350.0,Science Fiction,Adventure,Action
327,222297.0,Documentary,,
328,44264.0,Drama,Adventure,Western
329,62580.0,Drama,Romance,
330,173185.0,Comedy,,
331,398920.0,Comedy,,
332,273169.0,Comedy,,
333,198916.0,Animation,Family,Fantasy
334,72105.0,Comedy,Fantasy,
335,68734.0,Drama,Thriller,
336,382593.0,Comedy,,
337,399055.0,Drama,Fantasy,Romance
338,75612.0,Action,Science Fiction,Adventure
339,37786.0,Comedy,Drama,Romance
340,377799.0,Drama,Comedy,
341,274870.0,Drama,Romance,Science Fiction
342,450465.0,Thriller,Drama,Science Fiction
343,44826.0,Adventure,Drama,Family
344,434616.0,Drama,Comedy,
345,39451.0,Comedy,Romance,
346,82700.0,Science Fiction,Action,Adventure
347,61672.0,Animation,Comedy,Drama
348,338970.0,Action,Adventure,Fantasy
349,589976.0,Comedy,,
350,44896.0,Animation,Comedy,Family
351,332794.0,Adventure,Drama,
352,137113.0,Action,Science Fiction,
353,52043.0,Comedy,Drama,
354,225574.0,Action,Thriller,Mystery
355,392142.0,War,Comedy,
356,335984.0,Science Fiction,Drama,
357,20526.0,Adventure,Action,Science Fiction
358,56415.0,Crime,Drama,
359,51071.0,Thriller,,
360,121875.0,Comedy,Drama,Mystery
361,265177.0,Drama,,
362,227783.0,Animation,Comedy,Family
363,32856.0,Comedy,Romance,
364,265228.0,Drama,,
365,34544.0,Thriller,Action,Adventure
366,363676.0,Drama,History,
367,156236.0,Drama,Comedy,
368,136403.0,Comedy,Romance,
369,138843.0,Horror,Thriller,
370,146233.0,Drama,Thriller,Crime
371,254128.0,Action,Drama,Thriller
372,419430.0,Mystery,Thriller,Horror
373,214756.0,Comedy,,
374,359724.0,Drama,Action,History
375,421447.0,Comedy,Romance,Adventure
376,431693.0,Animation,Action,Adventure
377,37645.0,Drama,Crime,Thriller
378,136294.0,Comedy,Romance,
379,424783.0,Action,Adventure,Science Fiction
380,452187.0,Drama,Comedy,
381,44155.0,Comedy,,
382,169020.0,Comedy,,
383,39254.0,Action,Science Fiction,Drama
384,39254.0,Action,Science Fiction,Drama
385,170689.0,Drama,Thriller,
386,384371.0,Comedy,,
387,23168.0,Crime,Drama,Thriller
388,139649.0,Fantasy,Animation,Family
389,11439.0,Thriller,Mystery,
390,287947.0,Action,Comedy,Fantasy
391,41446.0,Horror,Mystery,
392,352157.0,Drama,,
393,44833.0,Thriller,Action,Adventure
394,126125.0,Not found,,
395,271110.0,Adventure,Action,Science Fiction
396,229297.0,Comedy,Drama,Romance
397,202575.0,Family,Fantasy,Animation
398,103327.0,Comedy,,
399,175112.0,Animation,Family,
400,53010.0,Comedy,Romance,
401,52259.0,Drama,Romance,
402,419704.0,Science Fiction,Drama,
403,222935.0,Romance,Drama,
404,159121.0,Crime,Comedy,
405,528773.0,Comedy,,
406,430365.0,Comedy,,
407,58043.0,Drama,Comedy,
408,49529.0,Action,Adventure,Science Fiction
409,76726.0,Science Fiction,Drama,Thriller
410,68726.0,Action,Science Fiction,Adventure
411,123229.0,Comedy,,
412,463858.0,Comedy,Drama,
413,484751.0,Drama,,
414,332210.0,Adventure,Animation,Comedy
415,48138.0,Action,Mystery,Thriller
416,329809.0,Comedy,Crime,Drama
417,23047.0,Adventure,Fantasy,Action
418,302348.0,Action,War,
419,16866.0,Family,Comedy,Science Fiction
420,52449.0,Comedy,,
421,339397.0,Comedy,Drama,Romance
422,348713.0,Comedy,,
423,116745.0,Adventure,Comedy,Drama
424,116745.0,Adventure,Comedy,Drama
425,479455.0,Comedy,Science Fiction,
426,160564.0,Drama,Comedy,Romance
427,152780.0,Drama,Mystery,
428,271724.0,Drama,,
429,41630.0,Comedy,Romance,
430,51739.0,Fantasy,Animation,Family
431,47971.0,Action,Adventure,Crime
432,158852.0,Adventure,Family,Mystery
433,569814.0,Comedy,,
434,453405.0,Science Fiction,Action,Thriller
435,509364.0,Drama,,
436,173897.0,Action,Horror,Science Fiction
437,341392.0,Comedy,,
438,402900.0,Crime,Comedy,Action
439,207932.0,Mystery,Thriller,Drama
440,82990.0,Horror,,
441,369780.0,Comedy,,
442,387592.0,Family,Comedy,Animation
443,566454.0,Drama,Comedy,
444,209355.0,Comedy,,
445,126319.0,Animation,Comedy,Drama
446,59967.0,Action,Thriller,Science Fiction
447,428756.0,Comedy,,
448,381284.0,Drama,History,
449,54138.0,Action,Adventure,Science Fiction
450,76493.0,Comedy,,
451,51876.0,Thriller,Mystery,Science Fiction
452,135281.0,Comedy,Romance,Drama
453,135281.0,Comedy,Romance,Drama
454,38031.0,Comedy,Drama,Romance
455,440161.0,Western,Drama,Adventure
456,199549.0,Comedy,Romance,
457,157820.0,Drama,Fantasy,
458,509730.0,Family,Animation,
459,522681.0,Horror,Thriller,Mystery
460,458302.0,Adventure,Family,Drama
461,37710.0,Action,Thriller,Romance
462,451945.0,Drama,,
463,200462.0,Horror,,
464,303858.0,Thriller,Drama,
465,489418.0,Drama,,
466,581472.0,Comedy,Thriller,
467,339403.0,Action,Crime,
468,37832.0,Comedy,,
469,401981.0,Mystery,Thriller,
470,53457.0,Drama,War,
471,393559.0,Animation,Drama,Comedy
472,48171.0,Drama,Thriller,Horror
473,72559.0,Science Fiction,Adventure,Action
474,510452.0,Comedy,,
475,478820.0,Drama,Crime,Thriller
476,478820.0,Drama,Crime,Thriller
477,50848.0,Drama,Comedy,Romance
478,72571.0,Horror,Mystery,
479,241875.0,Comedy,Romance,
480,510465.0,Comedy,Family,
481,44912.0,Adventure,Action,Thriller
482,10263.0,Fantasy,Horror,Thriller
483,332872.0,Drama,Romance,
484,613349.0,Comedy,,
485,324857.0,Action,Adventure,Animation
486,53844.0,Comedy,Romance,
487,41733.0,Comedy,Drama,
488,57165.0,Fantasy,Adventure,
489,157353.0,Thriller,Science Fiction,Drama
490,41436.0,Horror,Mystery,Fantasy
491,519106.0,Comedy,Drama,Romance
492,519106.0,Comedy,Drama,Romance
493,81342.0,Drama,Comedy,Romance
494,382595.0,Music,Drama,
495,228150.0,War,Drama,Action
496,86837.0,Drama,Romance,
497,78476.0,Comedy,,
498,58224.0,Comedy,Family,
499,369781.0,Comedy,,
500,504608.0,Music,Drama,History
501,463861.0,Comedy,,
502,65057.0,Comedy,Drama,
503,445651.0,Science Fiction,Action,Drama
504,328387.0,Mystery,Adventure,Crime
505,57695.0,Action,Drama,History
506,329805.0,Drama,Romance,
507,342281.0,Comedy,Romance,
508,61667.0,Drama,Comedy,
509,50845.0,Comedy,Drama,
510,378236.0,Animation,Family,Comedy
511,156022.0,Thriller,Action,Crime
512,39513.0,Adventure,Comedy,Science Fiction
513,592480.0,Comedy,Drama,
514,68713.0,Drama,,
515,68713.0,Drama,,
516,65233.0,Comedy,Drama,
517,432087.0,Drama,Comedy,
518,57212.0,War,Drama,Action
519,574861.0,Comedy,,
520,257344.0,Action,Comedy,Science Fiction
521,18191.0,Drama,Thriller,
522,427348.0,Thriller,Crime,
523,45612.0,Thriller,Science Fiction,Mystery
524,59859.0,Action,Adventure,Crime
525,329819.0,Drama,,
526,365045.0,Adventure,Family,
527,333549.0,Comedy,,
528,364051.0,Drama,History,
529,113594.0,Adventure,Animation,
530,467482.0,Comedy,Drama,
531,398939.0,Comedy,,
532,454640.0,Animation,Comedy,Adventure
533,46529.0,Action,Thriller,Science Fiction
534,43347.0,Drama,Comedy,Romance
535,43347.0,Drama,Comedy,Romance
536,39538.0,Drama,Thriller,Science Fiction
537,448779.0,Adventure,Comedy,Family
538,375809.0,Drama,Comedy,
539,515195.0,Music,Comedy,Romance
540,82682.0,Crime,Drama,Action
541,205220.0,Drama,,
542,59961.0,Action,Thriller,
543,73579.0,Comedy,,
544,11652.0,Drama,History,
545,322125.0,Drama,Thriller,
546,38167.0,Drama,Romance,
547,447200.0,Action,Thriller,
548,214087.0,Drama,,
549,426962.0,Comedy,,
550,432618.0,Comedy,,
551,447332.0,Horror,Drama,Science Fiction
552,583268.0,Drama,Romance,Comedy
553,168672.0,Drama,Crime,
554,413644.0,Family,Animation,Comedy
555,421456.0,Animation,Adventure,
556,43593.0,Comedy,Horror,
557,103731.0,Drama,,
558,244786.0,Drama,Music,
559,377263.0,History,Drama,Romance
560,337674.0,Drama,Thriller,
561,314402.0,Crime,Drama,
562,49017.0,Horror,Action,Drama
563,146216.0,Action,Comedy,Crime
564,204082.0,Action,Thriller,
565,100381.0,Adventure,Drama,Action
566,305387.0,Family,Animation,
567,495673.0,Comedy,Crime,
568,65759.0,Animation,Comedy,Family
569,463053.0,Comedy,Romance,
570,737342.0,,,
571,62214.0,Animation,Comedy,Family
572,364137.0,Drama,Comedy,
573,364137.0,Drama,Comedy,
574,443398.0,Comedy,,
575,462979.0,Comedy,,
576,378111.0,Family,Fantasy,Adventure
577,50014.0,Drama,,
578,314365.0,Drama,History,
579,141581.0,Comedy,,
580,38060.0,Animation,Family,TV Movie
581,71688.0,History,Drama,
582,62835.0,Action,Thriller,Crime
583,360994.0,Romance,Comedy,
584,198184.0,Crime,Action,Science Fiction
585,122081.0,Drama,Crime,
586,469055.0,Comedy,,
587,38961.0,Comedy,Romance,
588,492550.0,Drama,Comedy,
589,382509.0,Drama,,
590,316029.0,Drama,,
591,199661.0,Romance,Comedy,
592,289171.0,Fantasy,Comedy,Adventure
593,475303.0,Comedy,Romance,
594,338967.0,Horror,Comedy,
595,320006.0,Comedy,Drama,
596,49510.0,Comedy,Crime,
597,49510.0,Comedy,Crime,
598,428078.0,Adventure,Science Fiction,
599,60650.0,Comedy,,
600,490450.0,Comedy,Drama,
601,532938.0,Comedy,,
602,87502.0,Drama,,
603,547388.0,Comedy,Drama,
604,68178.0,Drama,Thriller,
605,68178.0,Drama,Thriller,
606,23629.0,Action,Fantasy,Thriller
607,50359.0,Animation,Comedy,Family
608,272435.0,Romance,Drama,Comedy
609,73532.0,Drama,Comedy,
610,283726.0,Drama,,
611,301337.0,Comedy,Drama,Science Fiction
612,227348.0,Horror,Thriller,
613,59861.0,Comedy,Romance,Drama
614,302699.0,Action,Comedy,Mystery
615,371865.0,Comedy,,
616,100830.0,Comedy,,
617,81836.0,Romance,Comedy,Drama
618,393764.0,Comedy,,
619,55721.0,Comedy,Romance,
620,303483.0,Drama,,
621,468207.0,Drama,,
622,358725.0,Comedy,Drama,
623,34851.0,Science Fiction,Action,Thriller
624,37534.0,Horror,Thriller,
625,515911.0,Drama,Romance,
626,187017.0,Crime,Comedy,Action
627,334533.0,Adventure,Drama,
628,51072.0,Comedy,Romance,
629,329724.0,Drama,,
630,204198.0,Drama,,
631,86829.0,Drama,Music,
632,277432.0,Action,Comedy,Crime
633,99579.0,Drama,History,
634,50544.0,Romance,Comedy,
635,117251.0,Action,Drama,Thriller
636,348025.0,Comedy,Drama,
637,369784.0,Family,Comedy,
638,289151.0,Comedy,,
639,238636.0,Horror,Thriller,
640,298250.0,Horror,Crime,Mystery
641,469052.0,Comedy,,
642,80278.0,Thriller,Drama,
643,41273.0,Drama,Comedy,
644,486521.0,Comedy,Drama,
645,375900.0,Comedy,,
646,225886.0,Comedy,,
647,286565.0,Mystery,Drama,Romance
648,63831.0,Drama,,
649,390043.0,Thriller,Comedy,Crime
650,495671.0,Drama,Comedy,
651,97630.0,Thriller,Drama,History
652,152737.0,Comedy,Drama,
653,138832.0,Comedy,Crime,
654,204436.0,Animation,Romance,Adventure
655,86391.0,Comedy,Drama,
656,48231.0,Drama,Thriller,
657,173897.0,Action,Horror,Science Fiction
658,59145.0,Drama,Action,Thriller
659,570260.0,Comedy,Drama,
660,58858.0,Comedy,,
661,308266.0,Comedy,Crime,Drama
662,87421.0,Science Fiction,Action,Thriller
663,12573.0,Comedy,Drama,
664,221902.0,Drama,,
665,221902.0,Drama,,
666,83666.0,Comedy,Drama,Romance
667,130055.0,Drama,Comedy,
668,593475.0,Comedy,,
669,134673.0,Drama,Romance,
670,302401.0,Drama,History,Crime
671,82525.0,Crime,Drama,Thriller
672,77951.0,Animation,Family,Adventure
673,85546.0,Drama,,
674,280092.0,Horror,Drama,Thriller
675,77878.0,Drama,,
676,419772.0,Comedy,,
677,68737.0,Adventure,Fantasy,
678,427347.0,Drama,,
679,522369.0,Drama,,
680,925872.0,,,
681,191714.0,Drama,Romance,
682,53404.0,Thriller,Crime,Mystery
683,39210.0,Drama,,
684,172391.0,Animation,Adventure,Family
685,346685.0,Crime,Drama,Mystery
686,511987.0,Thriller,Horror,Action
687,53866.0,Comedy,,
688,72331.0,Action,Fantasy,Horror
689,72331.0,Action,Fantasy,Horror
690,170687.0,Animation,Comedy,Family
691,334541.0,Drama,,
692,305455.0,Comedy,,
693,258480.0,Romance,Drama,
694,333371.0,Thriller,Science Fiction,Drama
695,482712.0,Drama,,
696,248611.0,Action,Thriller,
697,44943.0,Science Fiction,Action,
698,370567.0,Animation,Family,Fantasy
699,136797.0,Action,Crime,Drama
700,79108.0,Comedy,,
701,398947.0,Comedy,Family,
702,215303.0,Comedy,,
703,376866.0,Drama,,
704,44009.0,Drama,,
705,77462.0,Drama,Comedy,
706,129112.0,Drama,,
707,49018.0,Horror,Thriller,
708,27579.0,Crime,Drama,Thriller
709,570132.0,Comedy,,
710,137094.0,Action,Drama,Thriller
711,262958.0,History,Drama,
712,77987.0,Drama,Thriller,Crime
713,152601.0,Romance,Science Fiction,Drama
714,589985.0,Comedy,Drama,
715,256913.0,Drama,Romance,
716,109424.0,Action,Drama,Thriller
717,437425.0,Romance,Comedy,
718,489415.0,Drama,Comedy,
719,273481.0,Action,Crime,Thriller
720,263281.0,Comedy,Drama,
721,259694.0,Comedy,Romance,
722,82633.0,Crime,Drama,Western
723,83542.0,Drama,Science Fiction,
724,487004.0,Comedy,,
725,37638.0,Comedy,,
726,76025.0,Drama,,
727,393717.0,Drama,Crime,Thriller
728,341013.0,Action,Thriller,
729,343702.0,Comedy,Drama,
730,24438.0,Comedy,,
731,96936.0,Drama,Crime,
732,469056.0,Comedy,,
733,332812.0,Romance,Comedy,Drama
734,199914.0,Comedy,Drama,
735,425336.0,Crime,Drama,
736,273895.0,History,Drama,
737,313297.0,Animation,Adventure,Family
738,25376.0,Crime,Drama,Mystery
739,319340.0,Comedy,,
740,38408.0,Comedy,Romance,Drama
741,80274.0,Science Fiction,Action,Adventure
742,200823.0,Comedy,,
743,438347.0,Romance,Comedy,
744,443401.0,Comedy,,
745,82507.0,Horror,Thriller,Mystery
746,253239.0,Drama,,
747,204765.0,Comedy,,
748,77460.0,Comedy,,
749,277231.0,Romance,Comedy,
750,393945.0,Drama,,
751,83389.0,Animation,Drama,
752,62215.0,Drama,Science Fiction,
753,52264.0,Animation,Comedy,
754,228326.0,Animation,Adventure,Comedy
755,321258.0,Horror,Thriller,Mystery
756,370755.0,Comedy,Drama,Romance
757,83801.0,Drama,Crime,
758,498249.0,Comedy,,
759,402907.0,Action,Comedy,
760,245891.0,Action,Thriller,
761,486520.0,Comedy,,
762,605015.0,Comedy,,
763,399174.0,Adventure,Comedy,Animation
764,340361.0,Comedy,Drama,
765,400617.0,Drama,Romance,
766,295087.0,Adventure,Comedy,
767,279545.0,Comedy,,
768,574097.0,Crime,,
769,157690.0,Drama,Comedy,
770,270343.0,Comedy,Romance,
771,481157.0,Comedy,,
772,274855.0,Action,Science Fiction,Thriller
773,314095.0,Adventure,Drama,History
774,348060.0,Action,Drama,
775,358430.0,Comedy,,
776,520318.0,Drama,,
777,451955.0,Romance,Thriller,Drama
778,280092.0,Horror,Drama,Thriller
779,280092.0,Horror,Drama,Thriller
780,267804.0,Drama,Comedy,
781,294463.0,Comedy,,
782,498247.0,Comedy,,
783,29963.0,Drama,Romance,
784,382503.0,Drama,,
785,404733.0,Thriller,Action,Mystery
786,504562.0,Drama,Thriller,
787,353070.0,Crime,Comedy,
788,310593.0,Comedy,Drama,
789,290250.0,Comedy,Crime,Action
790,595867.0,Comedy,Drama,
791,517814.0,Drama,,
792,451657.0,Drama,Thriller,
793,417678.0,Drama,Romance,
794,200645.0,Drama,Comedy,
795,267860.0,Action,Thriller,
796,429189.0,Drama,Romance,
797,353491.0,Fantasy,Action,Science Fiction
798,152532.0,Drama,History,
799,484747.0,Drama,,
800,411626.0,Action,Comedy,
801,384680.0,Western,Drama,History
802,298312.0,Horror,Thriller,Mystery
803,440355.0,History,Drama,
804,381353.0,Comedy,,
805,87093.0,Drama,,
806,8952.0,Comedy,Drama,Romance
807,121793.0,Drama,,
808,13546.0,Crime,Horror,Thriller
809,187672.0,Comedy,,
810,516999.0,Comedy,,
811,10313.0,Comedy,War,
812,76487.0,Thriller,Horror,
813,10197.0,Drama,Music,Romance
814,10315.0,Adventure,Animation,Comedy
815,369779.0,Comedy,,
816,339988.0,Drama,Thriller,Science Fiction
817,420950.0,Science Fiction,Fantasy,
818,49014.0,Drama,,
819,359538.0,Fantasy,Comedy,Family
820,71179.0,Drama,,
821,270342.0,Comedy,,
822,346910.0,Science Fiction,Action,Adventure
823,887128.0,,,
824,381262.0,Drama,Crime,
825,381262.0,Drama,Crime,
826,401246.0,Drama,,
827,44115.0,Adventure,Drama,Thriller
828,261392.0,Comedy,Action,
829,262117.0,Romance,Comedy,Drama
830,261023.0,Drama,Crime,History
831,121873.0,Drama,,
832,85373.0,Music,Romance,Drama
833,85872.0,Comedy,,
834,78478.0,Comedy,Adventure,
835,383807.0,Drama,,
836,266537.0,Comedy,Romance,Drama
837,50839.0,Thriller,Drama,
838,192136.0,Drama,History,
839,280511.0,Comedy,,
840,376659.0,Comedy,,
841,430447.0,Fantasy,Adventure,Animation
842,287495.0,Drama,History,
843,559401.0,Drama,Comedy,
844,76494.0,Romance,Comedy,Drama
845,504603.0,Comedy,Crime,
846,291984.0,Drama,,
847,150117.0,Comedy,Romance,
848,374475.0,Comedy,Drama,
849,304357.0,Drama,,
850,499151.0,Drama,,
851,241239.0,Crime,Drama,Thriller
852,324552.0,Thriller,Action,Crime
853,7978.0,Horror,History,Drama
854,258435.0,Comedy,,
855,102969.0,Drama,Mystery,
856,143567.0,Comedy,,
857,398818.0,Romance,Drama,
858,136400.0,Action,Comedy,Crime
859,535581.0,Comedy,Horror,Fantasy
860,639250.0,Horror,Thriller,
861,572521.0,Drama,,
862,384112.0,Comedy,,
863,446044.0,Comedy,,
864,467675.0,Drama,,
865,274858.0,Drama,,
866,121702.0,Comedy,Drama,
867,407448.0,Crime,Drama,Thriller
868,209357.0,Drama,,
869,505940.0,Drama,Comedy,
870,45958.0,Drama,,
871,361243.0,Drama,,
872,264656.0,Western,Drama,
873,216282.0,Action,Thriller,
874,142096.0,Crime,Thriller,Drama
875,152599.0,Drama,Romance,
876,173897.0,Action,Horror,Science Fiction
877,393729.0,Drama,,
878,7445.0,Drama,Thriller,War
879,182246.0,Thriller,Drama,
880,582881.0,Animation,Drama,
881,254473.0,Action,Crime,Drama
882,543633.0,Comedy,,
883,307663.0,Thriller,Science Fiction,Action
884,345920.0,Drama,Romance,
885,302946.0,Crime,Thriller,Drama
886,190853.0,Drama,,
887,53980.0,Comedy,Family,
888,296524.0,Drama,Action,
889,57276.0,Documentary,,
890,245700.0,History,Drama,
891,152603.0,Drama,Romance,
892,602283.0,Comedy,,
893,22970.0,Horror,Comedy,Fantasy
894,118289.0,Drama,Romance,
895,255824.0,Comedy,,
896,531428.0,Drama,Romance,
897,266082.0,Drama,,
898,445768.0,Drama,Romance,
899,110397.0,Comedy,Drama,
900,391713.0,Drama,Comedy,
901,502416.0,Horror,Thriller,
902,437399.0,Comedy,,
903,398933.0,Adventure,,
904,283445.0,Horror,,
905,46738.0,Drama,War,Mystery
906,109261.0,Comedy,Drama,
907,46955.0,Comedy,Music,
908,73585.0,Comedy,Drama,
909,100042.0,Comedy,,
910,201085.0,Horror,Thriller,Romance
911,395834.0,Crime,Drama,Mystery
912,490462.0,Drama,,
913,64688.0,Action,Comedy,Crime
914,118293.0,Comedy,Animation,Music
915,52350.0,Comedy,Drama,
916,119281.0,Comedy,,
917,132232.0,Horror,,
918,446170.0,Thriller,Drama,Mystery
919,223946.0,Comedy,,
920,499722.0,Drama,Comedy,Romance
921,290512.0,Romance,Adventure,Drama
922,88284.0,Drama,,
923,549053.0,Comedy,Romance,Drama
924,214418.0,Family,Adventure,
925,119193.0,Drama,Romance,
926,226109.0,Documentary,,
927,82654.0,Horror,Comedy,Romance
928,681985.0,Animation,Family,
929,146198.0,Action,Thriller,Mystery
930,77458.0,Comedy,,
931,215211.0,Romance,Drama,
932,7980.0,Fantasy,Drama,
933,317940.0,Romance,Drama,
934,53456.0,Drama,,
935,77930.0,Drama,Comedy,
936,394161.0,Thriller,Drama,
937,439155.0,Drama,Comedy,
938,41515.0,Comedy,Family,Animation
939,277685.0,Horror,Thriller,Mystery
940,314388.0,Romance,Drama,
941,65229.0,Drama,,
942,26428.0,Adventure,Drama,History
943,510456.0,Comedy,,
944,462503.0,Comedy,Drama,
945,242512.0,Horror,,
946,93847.0,Comedy,Family,
947,116741.0,Comedy,,
948,31175.0,Drama,Comedy,
949,100241.0,Horror,Thriller,
950,396535.0,Action,Horror,Thriller
951,336805.0,Drama,,
952,38365.0,Comedy,,
953,254470.0,Comedy,Music,
954,120905.0,Comedy,,
955,449443.0,Action,Thriller,Crime
956,204046.0,Thriller,Crime,
957,95191.0,Drama,,
958,512196.0,Comedy,Horror,Science Fiction
959,512196.0,Comedy,Horror,Science Fiction
960,123221.0,Drama,,
961,373960.0,Comedy,,
962,567748.0,Drama,Thriller,
963,198277.0,Comedy,Music,Romance
964,490422.0,Comedy,,
965,202215.0,Comedy,,
966,313055.0,Comedy,,
967,452188.0,Comedy,,
968,11699.0,Drama,Crime,
969,515820.0,Comedy,,
970,48303.0,Drama,Romance,
971,197082.0,Drama,,
972,602971.0,Comedy,Drama,
973,415842.0,Action,Thriller,
974,394259.0,Drama,,
975,395452.0,Adventure,Drama,
976,218993.0,Drama,,
977,197629.0,Comedy,,
978,69668.0,Drama,Thriller,Mystery
979,575458.0,Drama,,
980,37430.0,Adventure,Fantasy,Action
981,485166.0,Drama,,
982,245703.0,Adventure,Drama,Science Fiction
983,458252.0,Animation,Comedy,
984,119283.0,Action,Crime,
985,44737.0,Documentary,,
986,592807.0,Drama,,
987,286595.0,Drama,,
988,138697.0,Romance,Comedy,Drama
989,85449.0,Comedy,Drama,Family
990,40194.0,Comedy,Action,Crime
991,42684.0,Science Fiction,Action,
992,121986.0,Comedy,Drama,
993,115782.0,Drama,History,
994,501170.0,Horror,Thriller,
995,477489.0,Drama,Science Fiction,Thriller
996,85350.0,Drama,,
997,130987.0,Comedy,Romance,
998,136795.0,Action,Comedy,Crime
999,423646.0,Drama,Crime,
1000,125623.0,Drama,,
1001,50348.0,Crime,Drama,Thriller
1002,55846.0,Crime,Action,Thriller
1003,338766.0,Crime,Western,Thriller
1004,476299.0,Horror,Mystery,Thriller
1005,119675.0,Drama,Romance,
1006,76216.0,Horror,Science Fiction,
1007,37655.0,Drama,,
1008,88273.0,Drama,History,Romance
1009,151826.0,Drama,,
1010,366564.0,Comedy,,
1011,66122.0,Comedy,,
1012,339259.0,War,Action,History
1013,82696.0,Drama,Comedy,Romance
1014,64686.0,Drama,Action,Adventure
1015,112336.0,Drama,,
1016,369770.0,Comedy,Romance,Drama
1017,42722.0,Drama,,
1018,182560.0,Thriller,Mystery,Drama
1019,365997.0,Documentary,,
1020,190955.0,Thriller,Crime,Drama
1021,49021.0,Action,Adventure,Thriller
1022,437316.0,Adventure,Comedy,
1023,74119.0,Comedy,Drama,
1024,64689.0,Crime,Thriller,
1025,254320.0,Comedy,Drama,Romance
1026,377154.0,Drama,,
1027,340666.0,Drama,Thriller,
1028,351454.0,Drama,,
1029,188207.0,Action,Adventure,
1030,452773.0,Animation,Adventure,Comedy
1031,614704.0,Animation,Family,
1032,428558.0,Comedy,,
1033,133805.0,Drama,Horror,
1034,69157.0,Drama,,
1035,122192.0,Action,Crime,Mystery
1036,529790.0,Adventure,Animation,Family
1037,435129.0,War,Drama,Animation
1038,246860.0,Drama,,
1039,463272.0,Action,Adventure,Comedy
1040,331781.0,Documentary,Music,
1041,70868.0,Romance,Comedy,
1042,57311.0,Comedy,,
1043,433919.0,Documentary,,
1044,556950.0,,,
1045,331112.0,Drama,,
1046,582906.0,Drama,,
1047,53596.0,Drama,History,
1048,521092.0,Comedy,,
1049,27573.0,Comedy,Action,Drama
1050,304031.0,Comedy,,
1051,26388.0,Drama,Thriller,Mystery
1052,513386.0,Animation,Family,
1053,23742.0,Action,Comedy,Crime
1054,80035.0,Comedy,Action,Science Fiction
1055,56002.0,Romance,,
1056,392794.0,Drama,History,
1057,186991.0,Drama,Romance,
1058,123235.0,Comedy,Romance,
1059,19901.0,Action,Fantasy,Science Fiction
1060,340837.0,Horror,Mystery,Science Fiction
1061,37707.0,Horror,Thriller,Science Fiction
1062,68727.0,Thriller,Crime,Drama
1063,451713.0,Drama,Romance,History
1064,403300.0,Drama,War,History
1065,544404.0,Drama,Romance,
1066,53930.0,Documentary,,
1067,437739.0,Horror,Comedy,
1068,38357.0,Comedy,Drama,Romance
1069,514577.0,Drama,,
1070,589978.0,Drama,Family,Comedy
1071,189019.0,Comedy,,
1072,25793.0,Drama,,
1073,209451.0,Music,Drama,
1074,315575.0,Drama,,
1075,347375.0,Action,Thriller,
1076,74308.0,Drama,,
1077,426825.0,Drama,,
1078,56405.0,History,Drama,
1079,372607.0,Action,,
1080,50158.0,Drama,,
1081,582883.0,Comedy,Horror,
1082,270400.0,Drama,,
1083,381351.0,Comedy,,
1084,266856.0,Drama,Romance,
1085,86687.0,Comedy,Horror,
1086,438799.0,Horror,War,Science Fiction
1087,84334.0,Music,Documentary,
1088,417384.0,Horror,Thriller,
1089,157849.0,Thriller,,
1090,137093.0,Comedy,,
1091,351211.0,Thriller,Horror,
1092,482114.0,Action,Thriller,
1093,324542.0,Action,Crime,Thriller
1094,336811.0,Drama,,
1095,38073.0,Comedy,Drama,Romance
1096,396461.0,Crime,Drama,Mystery
1097,485189.0,Drama,,
1098,68722.0,Drama,,
1099,92424.0,Romance,Comedy,
1100,74513.0,Action,Drama,War
1101,115348.0,Drama,Thriller,
1102,113160.0,Drama,Romance,
1103,291520.0,Comedy,,
1104,473325.0,Documentary,,
1105,181886.0,Thriller,Mystery,
1106,408024.0,Drama,,
1107,345775.0,Adventure,Animation,Drama
1108,169917.0,Crime,Drama,Mystery
1109,210860.0,Comedy,Adventure,
1110,336050.0,War,Drama,Thriller
1111,279550.0,Drama,Comedy,
1112,64720.0,Thriller,Drama,Horror
1113,243940.0,Horror,Thriller,Mystery
1114,374251.0,Animation,Family,
1115,309886.0,Action,Thriller,Drama
1116,380830.0,Comedy,,
1117,394684.0,Thriller,Crime,Action
1118,55347.0,Drama,Romance,Comedy
1119,82817.0,Drama,,
1120,137182.0,Drama,,
1121,40264.0,Comedy,,
1122,408550.0,Documentary,,
1123,59112.0,Drama,,
1124,43920.0,Drama,,
1125,337107.0,Drama,,
1126,439152.0,Comedy,,
1127,59440.0,Drama,Action,
1128,353616.0,Comedy,Music,
1129,264999.0,Comedy,Drama,
1130,149871.0,Animation,Drama,Fantasy
1131,459992.0,Comedy,Romance,
1132,225719.0,Comedy,,
1133,341742.0,Comedy,Drama,
1134,149509.0,Drama,Fantasy,Thriller
1135,192149.0,Thriller,,
1136,199977.0,Drama,,
1137,38579.0,Family,Comedy,
1138,107444.0,Crime,Drama,
1139,450179.0,Comedy,,
1140,187022.0,Drama,Crime,Action
1141,452406.0,Documentary,,
1142,65055.0,Thriller,Horror,
1143,178513.0,Comedy,Drama,
1144,458594.0,Action,Thriller,
1145,278646.0,Comedy,Romance,
1146,397243.0,Horror,Mystery,
1147,78480.0,Drama,Comedy,
1148,204922.0,Mystery,Thriller,
1149,353069.0,Comedy,Drama,Romance
1150,53776.0,Comedy,Crime,Mystery
1151,111190.0,Drama,,
1152,584350.0,Documentary,,
1153,288587.0,Drama,,
1154,129953.0,Drama,,
1155,54054.0,Action,Comedy,Crime
1156,209249.0,Comedy,,
1157,402897.0,Comedy,Drama,History
1158,451679.0,Drama,Thriller,
1159,66120.0,Thriller,,
1160,155887.0,Romance,Comedy,
1161,58151.0,Horror,Comedy,
1162,46837.0,Comedy,Mystery,Romance
1163,103328.0,Drama,Fantasy,
1164,539228.0,Comedy,,
1165,395769.0,Comedy,Drama,
1166,519141.0,Drama,,
1167,484247.0,Crime,Thriller,Mystery
1168,454652.0,Drama,History,
1169,23631.0,Action,Comedy,Thriller
1170,265189.0,Drama,,
1171,537965.0,Drama,,
1172,515816.0,Comedy,,
1173,228194.0,Drama,Comedy,
1174,801703.0,,,
1175,110957.0,Documentary,,
1176,392124.0,Drama,,
1177,400020.0,History,Drama,
1178,59108.0,Action,Comedy,
1179,395458.0,Thriller,Crime,Drama
1180,553478.0,Comedy,,
1181,252512.0,Comedy,Drama,Mystery
1182,500860.0,Drama,,
1183,393407.0,Comedy,,
1184,451480.0,Romance,Drama,History
1185,84174.0,Comedy,Romance,
1186,499723.0,Comedy,,
1187,41210.0,Comedy,Romance,Drama
1188,344475.0,Comedy,,
1189,377273.0,Drama,,
1190,446039.0,Comedy,Romance,
1191,63492.0,Comedy,Romance,
1192,423899.0,Drama,History,
1193,399360.0,Adventure,Drama,
1194,127856.0,Drama,History,
1195,71469.0,Horror,Action,Thriller
1196,188765.0,Drama,,
1197,430916.0,Thriller,Drama,
1198,394117.0,Drama,,
1199,321697.0,Drama,History,
1200,445571.0,Mystery,Comedy,Crime
1201,384727.0,Comedy,,
1202,66682.0,Comedy,Romance,
1203,432614.0,Thriller,Drama,
1204,73567.0,Crime,Thriller,Drama
1205,429662.0,Drama,History,
1206,483184.0,Crime,Drama,Thriller
1207,342149.0,Comedy,,
1208,34653.0,Romance,Drama,
1209,55003.0,Documentary,Music,
1210,400711.0,Thriller,Drama,
1211,48289.0,Drama,Thriller,
1212,442266.0,Comedy,,
1213,574207.0,Drama,Thriller,
1214,158011.0,Crime,Thriller,
1215,57157.0,Comedy,Drama,
1216,145135.0,Science Fiction,Thriller,Horror
1217,310569.0,Drama,,
1218,87492.0,Drama,Thriller,
1219,456768.0,Comedy,,
1220,44129.0,Drama,,
1221,434555.0,Horror,Drama,
1222,204709.0,Drama,,
1223,374671.0,Drama,,
1224,586940.0,Animation,Drama,Fantasy
1225,430528.0,Comedy,,
1226,174751.0,Western,Action,Drama
1227,454992.0,Action,Comedy,
1228,103717.0,Drama,,
1229,93856.0,Horror,Thriller,
1230,99508.0,Drama,,
1231,399170.0,Action,Comedy,Crime
1232,399170.0,Action,Comedy,Crime
1233,483983.0,Drama,History,Thriller
1234,266396.0,Action,Drama,Crime
1235,77561.0,Science Fiction,Drama,
1236,415032.0,Comedy,,
1237,167073.0,Romance,Drama,
1238,384682.0,Comedy,,
1239,82390.0,Thriller,Drama,Mystery
1240,203145.0,Drama,,
1241,417870.0,Comedy,,
1242,186971.0,Drama,History,
1243,356161.0,Animation,Fantasy,Mystery
1244,296360.0,Comedy,Drama,Romance
1245,97370.0,Thriller,Science Fiction,Drama
1246,254904.0,Crime,Action,Thriller
1247,167810.0,Fantasy,Thriller,Drama
1248,266040.0,Drama,Fantasy,Romance
1249,529784.0,Comedy,Drama,Romance
1250,493899.0,Drama,,
1251,286111.0,Drama,,
1252,393519.0,Drama,Horror,
1253,456162.0,Drama,,
1254,389015.0,Drama,,
1255,323432.0,Comedy,,
1256,53487.0,Drama,,
1257,230731.0,Animation,Family,
1258,46207.0,Drama,,
1259,89705.0,Drama,,
1260,86838.0,Comedy,Crime,
1261,415034.0,Comedy,,
1262,415034.0,Comedy,,
1263,446038.0,Comedy,Romance,
1264,460059.0,Action,Thriller,
1265,282296.0,Romance,Comedy,Drama
1266,510469.0,Comedy,Drama,
1267,61901.0,Science Fiction,Animation,
1268,42297.0,Drama,Romance,
1269,592798.0,Comedy,Romance,
1270,184020.0,Comedy,Drama,
1271,56743.0,Drama,Romance,
1272,559729.0,Animation,,
1273,205048.0,Animation,Comedy,Family
1274,512056.0,Drama,,
1275,31011.0,Science Fiction,Drama,Romance
1276,37414.0,Crime,Drama,Thriller
1277,75233.0,Drama,,
1278,127864.0,Drama,Fantasy,
1279,506596.0,Animation,Family,
1280,106747.0,Action,Crime,Thriller
1281,426830.0,Comedy,,
1282,443119.0,Drama,,
1283,379149.0,Action,Thriller,
1284,24424.0,Crime,Drama,
1285,284293.0,Drama,,
1286,301365.0,Thriller,Drama,Horror
1287,184352.0,Drama,Thriller,Mystery
1288,355277.0,Documentary,,
1289,161074.0,Comedy,,
1290,127489.0,Comedy,,
1291,48838.0,Drama,Crime,
1292,318781.0,Drama,Romance,Thriller
1293,74879.0,Drama,Crime,
1294,94973.0,Comedy,,
1295,87504.0,Comedy,Drama,History
1296,471506.0,Mystery,Thriller,Horror
1297,474313.0,Comedy,,
1298,203715.0,Animation,Romance,Comedy
1299,46838.0,Comedy,Horror,
1300,559501.0,Animation,,
1301,171274.0,Drama,Mystery,Comedy
1302,204768.0,Comedy,,
1303,449176.0,Comedy,Drama,Romance
1304,416186.0,Drama,Romance,Comedy
1305,446021.0,Thriller,Drama,Mystery
1306,466703.0,Drama,,
1307,468284.0,Drama,Crime,
1308,315664.0,Comedy,Drama,
1309,444397.0,Drama,Mystery,Thriller
1310,216156.0,Drama,,
1311,424344.0,Comedy,Drama,
1312,252773.0,Comedy,,
1313,492452.0,Drama,,
1314,19899.0,Comedy,Romance,
1315,537021.0,Drama,,
1316,180433.0,Comedy,,
1317,470114.0,Action,Science Fiction,Thriller
1318,310131.0,Drama,Fantasy,Horror
1319,17352.0,Music,Romance,War
1320,238781.0,Thriller,Drama,
1321,380225.0,Drama,Comedy,
1322,270303.0,Horror,Mystery,
1323,69106.0,Thriller,Drama,Romance
1324,378029.0,Thriller,,
1325,239566.0,Drama,Music,
1326,41402.0,Drama,Horror,Mystery
1327,369464.0,Documentary,,
1328,88005.0,Comedy,Drama,Romance
1329,42058.0,Thriller,,
1330,499726.0,Comedy,,
1331,510460.0,Comedy,Drama,
1332,326874.0,Comedy,,
1333,432622.0,Comedy,,
1334,290764.0,Action,,
1335,60599.0,Drama,Thriller,
1336,279579.0,Drama,,
1337,86825.0,Drama,Horror,Thriller
1338,523703.0,Comedy,,
1339,362571.0,Drama,History,Romance
1340,369772.0,Thriller,Comedy,Drama
1341,817023.0,Music,Comedy,
1342,402298.0,Drama,History,
1343,434273.0,Romance,Drama,Comedy
1344,521777.0,Comedy,,
1345,582873.0,Romance,Drama,
1346,188598.0,Drama,,
1347,103620.0,Horror,,
1348,264401.0,Music,Drama,
1349,511404.0,Comedy,,
1350,49526.0,Crime,Action,Thriller
1351,570128.0,Comedy,,
1352,486519.0,Drama,Comedy,
1353,446037.0,Drama,,
1354,446037.0,Drama,,
1355,204853.0,Drama,,
1356,3469.0,Drama,Romance,
1357,502682.0,Comedy,Romance,Drama
1358,491473.0,Drama,Romance,
1359,468224.0,War,Drama,Romance
1360,25769.0,Action,Drama,Horror
1361,416364.0,Animation,Family,
1362,530385.0,Horror,Drama,Mystery
1363,257724.0,Thriller,TV Movie,
1364,505747.0,Comedy,Fantasy,
1365,22907.0,Action,Crime,Drama
1366,429200.0,Thriller,Crime,Drama
1367,487786.0,Crime,Mystery,Thriller
1368,263472.0,Drama,Thriller,
1369,74106.0,Drama,,
1370,46705.0,Drama,Romance,
1371,613911.0,Science Fiction,Romance,Drama
1372,301351.0,Drama,Music,Romance
1373,351044.0,Drama,Comedy,Fantasy
1374,401200.0,Drama,History,Thriller
1375,186992.0,Drama,Thriller,
1376,414372.0,Drama,,
1377,340357.0,Thriller,Adventure,Animation
1378,373473.0,Drama,,
1379,376290.0,Thriller,Drama,
1380,453352.0,Drama,Thriller,
1381,891954.0,Drama,TV Movie,Thriller
1382,523172.0,Comedy,Drama,
1383,144336.0,Action,Drama,Thriller
1384,222230.0,Adventure,Romance,
1385,446178.0,Drama,,
1386,383709.0,Drama,,
1387,534768.0,Animation,,
1388,242828.0,Animation,Drama,
1389,83899.0,Horror,Thriller,Mystery
1390,129670.0,Drama,Adventure,
1391,122089.0,Romance,Drama,
1392,137370.0,Comedy,,
1393,39013.0,Drama,,
1394,528668.0,Comedy,,
1395,429471.0,Science Fiction,,
1396,429471.0,Science Fiction,,
1397,94348.0,Action,Thriller,Crime
1398,391663.0,Drama,History,
1399,181283.0,Crime,Thriller,
1400,589181.0,Comedy,Drama,
1401,134722.0,Drama,,
1402,43479.0,Crime,Drama,Thriller
1403,595985.0,Thriller,Action,
1404,352188.0,Drama,Comedy,
1405,45256.0,Comedy,Romance,
1406,465914.0,Romance,Drama,
1407,59490.0,Documentary,,
1408,283708.0,Drama,War,
1409,1567.0,Drama,Thriller,
1410,204762.0,Comedy,Drama,
1411,223954.0,Comedy,,
1412,38543.0,Romance,Adventure,Action
1413,415010.0,Horror,Drama,Science Fiction
1414,22971.0,Drama,Romance,War
1415,407201.0,Drama,,
1416,114750.0,Drama,Comedy,
1417,413837.0,Drama,,
1418,123018.0,Drama,,
1419,412203.0,Drama,,
1420,570701.0,Family,Animation,Adventure
1421,82327.0,Drama,Romance,
1422,536510.0,Documentary,,
1423,129431.0,Drama,,
1424,489170.0,Drama,,
1425,576017.0,Documentary,War,
1426,44629.0,Drama,Thriller,Crime
1427,316152.0,Action,Drama,History
1428,586874.0,Drama,,
1429,114150.0,Comedy,Music,Romance
1430,61374.0,Drama,Comedy,
1431,300671.0,War,Action,History
1432,575557.0,Animation,,
1433,78381.0,Mystery,Fantasy,Horror
1434,60422.0,Comedy,Drama,
1435,399366.0,Thriller,Horror,Drama
1436,377853.0,Drama,Comedy,Crime
1437,228492.0,Animation,,
1438,299245.0,Horror,Thriller,
1439,71859.0,Drama,Thriller,
1440,205588.0,Thriller,,
1441,110160.0,Drama,Romance,
1442,393457.0,Drama,,
1443,331113.0,Drama,,
1444,332283.0,Drama,Romance,
1445,109391.0,Drama,,
1446,77016.0,Crime,Drama,Thriller
1447,525916.0,Comedy,,
1448,74848.0,Comedy,,
1449,67762.0,Adventure,Animation,Family
1450,12572.0,Comedy,Drama,Romance
1451,401847.0,Drama,Crime,Comedy
1452,512865.0,Drama,Comedy,Family
1453,67509.0,Drama,,
1454,874606.0,Crime,,
1455,446130.0,Drama,Comedy,
1456,537651.0,Drama,,
1457,139725.0,Drama,,
1458,491392.0,Comedy,,
1459,86828.0,Comedy,Science Fiction,
1460,534373.0,Drama,,
1461,339877.0,Animation,Drama,Mystery
1462,165420.0,Thriller,,
1463,258363.0,Thriller,Drama,
1464,430005.0,Romance,Comedy,
1465,415036.0,Drama,Comedy,
1466,458253.0,Family,Animation,Comedy
1467,259460.0,Drama,,
1468,446159.0,Mystery,Western,Thriller
1469,154400.0,Drama,Crime,
1470,287424.0,Horror,Drama,Mystery
1471,300693.0,Drama,,
1472,589230.0,Comedy,Drama,
1473,570137.0,Drama,,
1474,85435.0,Comedy,,
1475,56959.0,Comedy,,
1476,83390.0,Comedy,Drama,
1477,336212.0,Drama,,
1478,446131.0,Drama,Comedy,
1479,129966.0,Comedy,Drama,
1480,617986.0,Thriller,Drama,Crime
1481,543636.0,Drama,Comedy,
1482,377798.0,Comedy,,
1483,268523.0,Comedy,,
1484,478860.0,Drama,,
1485,377276.0,Comedy,,
1486,109418.0,Comedy,,
1487,68812.0,Thriller,Crime,Drama
1488,500664.0,Action,Thriller,Science Fiction
1489,369557.0,Comedy,Romance,Drama
1490,180299.0,Action,Crime,Thriller
1491,180299.0,Action,Crime,Thriller
1492,37667.0,Drama,Thriller,Mystery
1493,271714.0,Drama,Music,History
1494,337677.0,Comedy,,
1495,434775.0,Drama,Mystery,Crime
1496,209350.0,Comedy,Drama,
1497,431530.0,Comedy,,
1498,28211.0,Drama,Thriller,Mystery
1499,453278.0,Western,Drama,
1500,257381.0,Drama,Comedy,
1501,455207.0,Comedy,Drama,Romance
1502,392820.0,Music,Documentary,
1503,68280.0,Thriller,,
1504,339408.0,Drama,,
1505,455588.0,Documentary,,
1506,542828.0,Comedy,Drama,
1507,534371.0,Comedy,,
1508,482981.0,Music,Comedy,Drama
1509,253626.0,Drama,,
1510,569188.0,,,
1511,98357.0,Thriller,Crime,Drama
1512,98357.0,Thriller,Crime,Drama
1513,71559.0,Drama,,
1514,97434.0,Comedy,Crime,
1515,446171.0,Fantasy,Comedy,
1516,267192.0,Drama,History,
1517,249164.0,Drama,,
1518,348964.0,Family,Comedy,
1519,481432.0,Drama,Fantasy,
1520,79728.0,Comedy,Drama,
1521,400579.0,Comedy,Drama,
1522,200346.0,Thriller,Crime,
1523,59507.0,Romance,,
1524,109417.0,Music,Drama,
1525,187667.0,Comedy,,
1526,256917.0,War,Drama,
1527,397074.0,Drama,,
1528,57403.0,Drama,,
1529,112555.0,Drama,Comedy,
1530,399248.0,Action,Thriller,Drama
1531,89287.0,Comedy,Drama,
1532,582874.0,Comedy,Drama,
1533,209276.0,Drama,,
1534,198130.0,Comedy,,
1535,37950.0,Romance,Drama,
1536,419478.0,Romance,Drama,
1537,69798.0,Comedy,,
1538,87558.0,Comedy,,
1539,27583.0,Comedy,Drama,Romance
1540,458956.0,Comedy,,
1541,244088.0,Drama,,
1542,114535.0,Drama,,
1543,47261.0,Thriller,Drama,Romance
1544,356381.0,Drama,,
1545,413998.0,Drama,Romance,
1546,381289.0,Adventure,Comedy,Fantasy
1547,812398.0,,,
1548,371638.0,Comedy,Drama,
1549,102362.0,Thriller,Action,Crime
1550,255319.0,Animation,Comedy,Family
1551,77953.0,Comedy,,
1552,501633.0,Comedy,Drama,
1553,115821.0,Drama,,
1554,73872.0,Drama,,
1555,452016.0,Comedy,Drama,
1556,377275.0,Comedy,Drama,Romance
1557,286101.0,Comedy,,
1558,244509.0,Drama,Thriller,
1559,482710.0,Drama,,
1560,200830.0,Drama,,
1561,618326.0,Action,Drama,War
1562,84892.0,Drama,,
1563,179150.0,Comedy,,
1564,275601.0,Comedy,Drama,Music
1565,288036.0,Comedy,,
1566,490594.0,Animation,Family,Comedy
1567,575479.0,Comedy,Drama,
1568,50456.0,Action,Thriller,Adventure
1569,615821.0,Documentary,,
1570,63976.0,Documentary,,
1571,453356.0,Drama,,
1572,190870.0,Comedy,Thriller,
1573,247577.0,Animation,,
1574,330298.0,Thriller,Drama,Crime
1575,112377.0,Thriller,Drama,
1576,66128.0,Comedy,,
1577,66128.0,Comedy,,
1578,360225.0,Drama,Comedy,
1579,406761.0,Thriller,Science Fiction,Action
1580,334991.0,Drama,Fantasy,Romance
1581,43409.0,Crime,,
1582,465871.0,Documentary,,
1583,294458.0,Comedy,Adventure,Fantasy
1584,573683.0,Animation,Fantasy,Family
1585,374464.0,Drama,Fantasy,Mystery
1586,351186.0,Crime,,
1587,179109.0,Drama,Crime,Thriller
1588,429191.0,Drama,,
1589,454294.0,Action,Adventure,Fantasy
1590,795230.0,Romance,Drama,
1591,164251.0,Drama,,
1592,89065.0,Drama,,
1593,123105.0,Horror,Science Fiction,Thriller
1594,539885.0,Action,Crime,Drama
1595,47760.0,Drama,Romance,
1596,463633.0,Drama,Music,
1597,319888.0,Comedy,Drama,History
1598,487680.0,Drama,Crime,Action
1599,320001.0,Drama,,
1600,394262.0,Drama,Comedy,
1601,23514.0,Comedy,Drama,
1602,375898.0,Comedy,Drama,
1603,46221.0,Horror,Thriller,Mystery
1604,392011.0,Documentary,,
1605,369192.0,Comedy,Drama,History
1606,293310.0,Documentary,,
1607,102752.0,Documentary,,
1608,756361.0,Documentary,,
1609,405775.0,War,Thriller,Drama
1610,489840.0,Family,Animation,
1611,331114.0,Comedy,Drama,
1612,213681.0,Action,Comedy,Crime
1613,355065.0,History,Drama,
1614,504605.0,Drama,Romance,
1615,315865.0,Drama,,
1616,502422.0,Comedy,Drama,
1617,80038.0,Comedy,Romance,
1618,503919.0,Drama,Fantasy,Thriller
1619,62176.0,Documentary,Drama,Family
1620,73873.0,Drama,,
1621,28118.0,Animation,Family,
1622,132344.0,Romance,Drama,
1623,459966.0,Drama,,
1624,27586.0,Music,Drama,
1625,459960.0,Drama,Comedy,
1626,325385.0,Fantasy,Drama,
1627,203814.0,Comedy,Drama,
1628,349105.0,Drama,,
1629,493913.0,Animation,Fantasy,
1630,951576.0,Comedy,Documentary,
1631,380622.0,Drama,,
1632,246127.0,Drama,,
1633,243233.0,Drama,,
1634,348375.0,Animation,Drama,War
1635,23172.0,Action,Comedy,Family
1636,152747.0,Action,Adventure,Drama
1637,944945.0,Comedy,Drama,
1638,775.0,Adventure,Fantasy,Science Fiction
1639,116377.0,Drama,,
1640,559525.0,Animation,,
1641,336197.0,Drama,,
1642,408509.0,Drama,,
1643,128070.0,Drama,Family,
1644,203739.0,Comedy,Action,Fantasy
1645,267970.0,Animation,Drama,History
1646,451915.0,Drama,,
1647,33511.0,Drama,,
1648,78363.0,Drama,,
1649,446040.0,Comedy,,
1650,41123.0,Drama,,
1651,99389.0,Drama,,
1652,384212.0,Thriller,Crime,
1653,399402.0,Action,Thriller,
1654,510641.0,Drama,,
1655,245692.0,Drama,,
1656,197783.0,Comedy,,
1657,377151.0,Documentary,,
1658,63310.0,Crime,Drama,
1659,492998.0,Drama,,
1660,44096.0,Drama,,
1661,439151.0,Comedy,,
1662,287509.0,Romance,,
1663,392127.0,Drama,,
1664,270457.0,Documentary,History,War
1665,329815.0,Drama,Thriller,
1666,59065.0,Drama,,
1667,110146.0,Comedy,Drama,
1668,561318.0,Documentary,,
1669,223702.0,Adventure,Animation,Comedy
1670,264660.0,Drama,Science Fiction,
1671,432226.0,Drama,,
1672,266080.0,Documentary,,
1673,342737.0,Drama,,
1674,496967.0,Drama,Romance,Fantasy
1675,475928.0,Thriller,Drama,Mystery
1676,376530.0,Family,Documentary,Adventure
1677,188166.0,Crime,Thriller,
1678,166428.0,Animation,Family,Adventure
1679,424505.0,Drama,,
1680,333669.0,Action,,
1681,291270.0,Animation,Drama,Romance
1682,71880.0,Comedy,,
1683,500902.0,Comedy,,
1684,284280.0,Drama,,
1685,436340.0,Music,Drama,
1686,285387.0,Drama,Thriller,Action
1687,347477.0,Comedy,,
1688,54093.0,Comedy,Drama,
1689,321974.0,Documentary,Music,
1690,103740.0,Drama,Romance,
1691,208134.0,Comedy,,
1692,285394.0,Family,Comedy,
1693,254679.0,Drama,Family,History
1694,41479.0,Comedy,Drama,
1695,425218.0,Animation,Family,
1696,380623.0,Drama,Thriller,
1697,74306.0,Comedy,Drama,
1698,868575.0,,,
1699,152742.0,Drama,Romance,Crime
1700,328587.0,Comedy,,
1701,270646.0,Drama,,
1702,433694.0,Animation,Adventure,Family
1703,100271.0,Comedy,Fantasy,Animation
1704,432625.0,Comedy,,
1705,126321.0,Drama,,
1706,300673.0,Action,Drama,History
1707,27585.0,Drama,,
1708,413778.0,Comedy,,
1709,443463.0,Drama,,
1710,399790.0,Drama,History,
1711,484638.0,War,Action,Drama
1712,130739.0,Drama,Comedy,
1713,10665.0,Thriller,Horror,Mystery
1714,180644.0,Adventure,Animation,Family
1715,214099.0,Comedy,Drama,
1716,388399.0,Action,Crime,Drama
1717,506421.0,Comedy,,
1718,310307.0,Drama,History,
1719,72721.0,Documentary,,
1720,301355.0,Thriller,,
1721,270302.0,Drama,Thriller,
1722,52587.0,Fantasy,Drama,Horror
1723,161073.0,Comedy,Drama,
1724,507076.0,Drama,Horror,Music
1725,407250.0,Comedy,,
1726,472451.0,Drama,,
1727,57602.0,War,Drama,
1728,48508.0,Drama,,
1729,570258.0,Comedy,,
1730,50357.0,Horror,Thriller,Science Fiction
1731,45061.0,Comedy,Drama,Romance
1732,759297.0,Thriller,,
1733,57829.0,Drama,History,
1734,271718.0,Comedy,Drama,Romance
1735,84336.0,Thriller,,
1736,77560.0,Fantasy,Drama,
1737,596860.0,Drama,,
1738,46206.0,Crime,Drama,Horror
1739,252178.0,Thriller,Action,Drama
1740,109414.0,Action,Comedy,
1741,37905.0,Action,Horror,Thriller
1742,525427.0,Documentary,,
1743,339568.0,Documentary,,
1744,58764.0,Comedy,,
1745,57390.0,Animation,,
1746,285023.0,Romance,Comedy,Adventure
1747,127880.0,Drama,,
1748,253686.0,Comedy,,
1749,136424.0,Drama,,
1750,158990.0,Comedy,Crime,Mystery
1751,525554.0,Action,Drama,Thriller
1752,270920.0,Drama,Comedy,
1753,396917.0,Documentary,,
1754,157845.0,Crime,Drama,
1755,330697.0,Drama,,
1756,453364.0,Drama,Animation,
1757,454458.0,Family,Animation,Music
1758,48392.0,Comedy,Crime,
1759,87818.0,Comedy,,
1760,679108.0,Drama,,
1761,582944.0,Documentary,,
1762,79070.0,Drama,Thriller,
1763,798143.0,Documentary,,
1764,266061.0,Drama,Romance,
1765,247319.0,Drama,,
1766,337730.0,Drama,,
1767,262009.0,Drama,History,
1768,96821.0,Drama,Documentary,
1769,43609.0,Comedy,Drama,
1770,411638.0,Thriller,,
1771,25941.0,Thriller,Crime,Drama
1772,63578.0,Comedy,Drama,
1773,51276.0,Drama,,
1774,98277.0,Drama,Thriller,
1775,127560.0,Drama,History,
1776,130099.0,Documentary,,
1777,459556.0,Family,Animation,
1778,329833.0,Comedy,,
1779,331797.0,Drama,,
1780,27569.0,Drama,,
1781,163736.0,Drama,,
1782,186976.0,Drama,,
1783,284290.0,Drama,Comedy,
1784,284689.0,History,Drama,War
1785,314578.0,Documentary,,
1786,157825.0,Thriller,Drama,
1787,89455.0,Drama,Romance,
1788,449754.0,Drama,,
1789,126326.0,Documentary,,
1790,585381.0,Drama,,
1791,372770.0,Animation,,
1792,399057.0,Drama,Thriller,Mystery
1793,172520.0,Thriller,Drama,
1794,50837.0,Drama,Thriller,
1795,133246.0,Drama,,
1796,565720.0,Comedy,Drama,
1797,51814.0,Comedy,Drama,History
1798,480647.0,Drama,,
1799,57401.0,Family,Animation,
1800,312669.0,Drama,Comedy,Romance
1801,146592.0,Documentary,,
1802,22832.0,Action,,
1803,428449.0,Drama,Fantasy,
1804,478795.0,Animation,Family,
1805,147798.0,Comedy,Romance,
1806,223706.0,Animation,Adventure,Family
1807,81025.0,Drama,Romance,Comedy
1808,208837.0,Drama,,
1809,228152.0,Drama,Music,
1810,426256.0,Drama,Music,
1811,434131.0,Drama,,
1812,325348.0,Action,Adventure,Science Fiction
1813,323675.0,Action,Comedy,
1814,384726.0,Drama,,
1815,245855.0,Drama,,
1816,441646.0,Drama,War,
1817,129432.0,Comedy,,
1818,313922.0,Horror,Crime,Thriller
1819,511468.0,Crime,Comedy,
1820,375487.0,Drama,,
1821,56174.0,Drama,Comedy,
1822,534874.0,,,
1823,568389.0,,,
1824,398173.0,Drama,Horror,Crime
1825,254201.0,Thriller,,
1826,537180.0,Drama,Thriller,
1827,274483.0,Drama,Comedy,
1828,45649.0,Comedy,Drama,Fantasy
1829,510475.0,Comedy,Drama,
1830,330333.0,Comedy,Drama,Romance
1831,432090.0,Comedy,,
1832,49020.0,Drama,Comedy,Romance
1833,48414.0,Documentary,Drama,Family
1834,425665.0,Drama,,
1835,427890.0,Comedy,,
1836,590088.0,Thriller,TV Movie,
1837,501590.0,Drama,,
1838,428584.0,Drama,,
1839,353460.0,Comedy,Drama,
1840,329682.0,Thriller,Drama,History
1841,189021.0,Comedy,,
1842,152825.0,Drama,Thriller,
1843,344120.0,Action,Drama,Thriller
1844,57393.0,Drama,Action,Comedy
1845,190851.0,Drama,,
1846,459963.0,Drama,Comedy,
1847,268115.0,Comedy,Drama,
1848,413652.0,Comedy,,
1849,453358.0,Documentary,,
1850,112592.0,Comedy,Drama,
1851,478508.0,Drama,Adventure,War
1852,912041.0,,,
1853,281968.0,Drama,,
1854,486101.0,Comedy,Drama,
1855,422566.0,Drama,,
1856,319356.0,Family,Animation,Adventure
1857,214210.0,Drama,,
1858,316062.0,Crime,,
1859,558978.0,,,
1860,76543.0,Drama,Romance,
1861,76617.0,Horror,Thriller,
1862,415005.0,Drama,,
1863,378108.0,Drama,Animation,Romance
1864,41283.0,Crime,Drama,Action
1865,156173.0,Drama,,
1866,25196.0,Drama,Music,Romance
1867,91052.0,Comedy,,
1868,260646.0,Drama,History,
1869,102001.0,Drama,,
1870,33273.0,Action,Thriller,Drama
1871,54518.0,Music,Documentary,Family
1872,265349.0,Drama,,
1873,495271.0,Drama,,
1874,619403.0,Animation,Family,
1875,196398.0,Drama,Comedy,
1876,171582.0,Comedy,,
1877,428226.0,Crime,Drama,Thriller
1878,85454.0,Documentary,Music,
1879,48243.0,Thriller,War,
1880,53399.0,Drama,,
1881,468213.0,Documentary,,
1882,32084.0,Drama,War,
1883,237876.0,Drama,War,
1884,43434.0,Crime,Drama,Thriller
1885,359770.0,Drama,,
1886,319348.0,Drama,Thriller,
1887,36956.0,Drama,Romance,
1888,484594.0,Drama,,
1889,361255.0,Drama,,
1890,479261.0,Crime,Mystery,
1891,328589.0,Comedy,Drama,
1892,444539.0,Drama,,
1893,186729.0,Comedy,Drama,
1894,474444.0,Drama,Adventure,Fantasy
1895,44961.0,Comedy,,
1896,468212.0,Crime,Thriller,
1897,53485.0,Romance,Drama,
1898,39800.0,Comedy,Drama,
1899,287904.0,Drama,,
1900,155890.0,Drama,,
1901,206277.0,Drama,,
1902,109154.0,Drama,,
1903,278236.0,Drama,,
1904,414001.0,Drama,Adventure,
1905,319337.0,Drama,History,
1906,427214.0,Drama,,
1907,496570.0,Documentary,,
1908,57018.0,Horror,Thriller,
1909,493483.0,Drama,,
1910,110969.0,Drama,,
1911,476968.0,Drama,History,
1912,89733.0,Animation,,
1913,44241.0,Comedy,,
1914,369594.0,Drama,,
1915,298721.0,Drama,Fantasy,
1916,500852.0,Action,,
1917,417670.0,Drama,,
1918,267999.0,Drama,,
1919,351037.0,Drama,,
1920,196405.0,Documentary,,
1921,355234.0,Drama,,
1922,428753.0,Crime,Drama,
1923,451985.0,Drama,,
1924,579273.0,Drama,Thriller,
1925,340485.0,Drama,,
1926,449757.0,Drama,,
1927,412204.0,Drama,History,
1928,308639.0,Crime,Drama,Comedy
1929,160115.0,Comedy,,
1930,121983.0,Documentary,,
1931,340487.0,Drama,,
1932,285848.0,Drama,Family,Romance
1933,760926.0,Thriller,Action,
1934,125342.0,Drama,History,
1935,371859.0,Drama,History,
1936,61891.0,Drama,History,Thriller
1937,309245.0,Comedy,,
1938,436120.0,Animation,Family,Fantasy
1939,53389.0,Drama,Thriller,
1940,43943.0,Comedy,Drama,Romance
1941,253684.0,Comedy,,
1942,467679.0,Drama,Thriller,
1943,91186.0,Drama,,
1944,38542.0,Crime,Drama,Thriller
1945,209262.0,History,Drama,
1946,58699.0,Action,Drama,Romance
1947,254772.0,Crime,Drama,
1948,416574.0,Drama,History,
1949,188222.0,Comedy,,
1950,94904.0,Drama,,
1951,302627.0,Comedy,,
1952,157354.0,Drama,,
1953,122198.0,Drama,History,War
1954,490862.0,Drama,,
1955,31007.0,Drama,,
1956,336663.0,Drama,Fantasy,War
1957,609917.0,History,,
1958,45595.0,Drama,History,
1959,346780.0,Documentary,,
1960,304126.0,Comedy,,
1961,63946.0,Action,Drama,Thriller
1962,209385.0,Drama,,
1963,12166.0,Comedy,Drama,
1964,372394.0,Documentary,History,Mystery
1965,82485.0,Action,Thriller,Crime
1966,295314.0,History,Drama,
1967,376865.0,Science Fiction,Drama,Mystery
1968,45127.0,Drama,Romance,
1969,871949.0,Animation,,
1970,287574.0,Drama,Fantasy,
1971,571650.0,Action,,
1972,49001.0,Drama,Thriller,
1973,458807.0,Drama,,
1974,136582.0,Drama,,
1975,472674.0,Drama,,
1976,80079.0,Animation,,
1977,366104.0,Drama,,
1978,436352.0,Drama,Romance,
1979,374452.0,Drama,,
1980,544522.0,Documentary,,
1981,216769.0,Comedy,Crime,TV Movie
1982,461615.0,Science Fiction,Animation,Action
1983,348193.0,Drama,,
1984,336655.0,Comedy,Drama,
1985,192767.0,Drama,,
1986,379691.0,Drama,History,
1987,192132.0,Drama,,
1988,326094.0,Comedy,Drama,
1989,184992.0,Romance,Drama,
1990,396253.0,Drama,,
1991,50365.0,Drama,Comedy,
1992,462146.0,Drama,,
1993,565403.0,,,
1994,86835.0,Romance,Drama,
1995,440418.0,Documentary,,
1996,512916.0,Animation,Adventure,
1997,28417.0,Comedy,,
1998,474298.0,Drama,,
1999,216457.0,Drama,,
2000,394741.0,Comedy,Drama,
2001,507256.0,Music,Documentary,
2002,393520.0,Drama,,
2003,401898.0,Drama,Mystery,Thriller
2004,566236.0,Documentary,,
2005,442718.0,Drama,,
2006,430007.0,Drama,,
2007,563309.0,Action,Drama,
2008,55836.0,Romance,Drama,
2009,59582.0,Drama,Romance,
2010,289035.0,Drama,Comedy,
2011,52474.0,Comedy,Family,
2012,393517.0,Drama,,
2013,134781.0,Comedy,Drama,Romance
2014,114982.0,Drama,,
2015,226788.0,Thriller,,
2016,74795.0,Comedy,Drama,
2017,358893.0,Comedy,Drama,
2018,159014.0,Documentary,Music,
2019,874961.0,Animation,,
2020,574434.0,Drama,,
2021,455200.0,Drama,,
2022,413767.0,Documentary,,
2023,484410.0,Comedy,Drama,
2024,453272.0,Drama,,
2025,471507.0,Thriller,Crime,Drama
2026,145361.0,Drama,Comedy,
2027,310567.0,Drama,Comedy,
2028,451044.0,Animation,Family,Adventure
2029,283700.0,History,Drama,
2030,345594.0,Comedy,,
2031,126328.0,Drama,,
2032,270401.0,Drama,,
2033,243684.0,Drama,Comedy,
2034,470643.0,Drama,,
2035,266031.0,Western,Drama,
2036,57387.0,Drama,,
2037,415665.0,Drama,,
2038,113947.0,Drama,Romance,Comedy
2039,449856.0,Drama,,
2040,117646.0,Drama,Romance,
2041,467548.0,Drama,Action,
2042,195173.0,Comedy,Drama,
2043,40817.0,Comedy,,
2044,85542.0,Drama,,
2045,284276.0,Drama,,
2046,425720.0,Documentary,,
2047,543580.0,Documentary,History,War
2048,837308.0,,,
2049,216789.0,,,
2050,28053.0,Drama,Comedy,
2051,392788.0,Drama,War,
2052,61826.0,Thriller,Mystery,Horror
2053,232572.0,Adventure,Comedy,Drama
2054,422949.0,Drama,,
2055,358403.0,Thriller,,
2056,474353.0,Drama,,
2057,283698.0,Drama,,
2058,254302.0,Drama,,
2059,36940.0,Comedy,Drama,
2060,550473.0,Comedy,,
2061,277713.0,Drama,,
2062,484428.0,Drama,History,
2063,453277.0,Documentary,,
2064,550958.0,Drama,,
2065,534667.0,,,
2066,496212.0,Horror,Thriller,
2067,517114.0,Documentary,,
2068,76696.0,Drama,Romance,
2069,364911.0,Documentary,,
2070,327040.0,Drama,,
2071,326285.0,Crime,Drama,
2072,63849.0,Drama,Comedy,
2073,30312.0,Documentary,,
2074,294992.0,Thriller,War,Adventure
2075,354275.0,Drama,Romance,
2076,554311.0,Fantasy,Horror,Drama
2077,396924.0,Comedy,Drama,
2078,82684.0,Drama,,
2079,158091.0,Crime,Thriller,Drama
2080,324687.0,Drama,History,
2081,324807.0,Crime,Drama,Mystery
2082,186988.0,Drama,,
2083,174368.0,Documentary,,
2084,121640.0,Drama,War,Adventure
2085,54083.0,Drama,,
2086,446164.0,Science Fiction,Drama,Thriller
2087,418798.0,Thriller,,
2088,433627.0,Thriller,Drama,Crime
2089,470878.0,Music,Drama,
2090,49797.0,Thriller,Horror,
2091,299780.0,Drama,Comedy,
2092,431819.0,Animation,Drama,Fantasy
2093,49850.0,Drama,,
2094,534338.0,Drama,Mystery,
2095,291351.0,Drama,,
2096,659586.0,,,
2097,485098.0,Drama,,
2098,76247.0,Drama,Romance,
2099,347026.0,Drama,History,
2100,397010.0,,,
2101,438488.0,Documentary,,
2102,134908.0,Drama,,
2103,475855.0,Drama,,
2104,174671.0,Horror,Drama,
2105,137372.0,Drama,Crime,
2106,268207.0,Comedy,,
2107,89456.0,Drama,,
2108,161078.0,Comedy,Drama,History
2109,319342.0,Drama,Comedy,
2110,440918.0,Music,Drama,
2111,463473.0,Documentary,,
2112,356296.0,Crime,Drama,Thriller
2113,391138.0,Drama,,
2114,597088.0,Drama,Romance,
2115,157824.0,Drama,,
2116,324560.0,Western,Mystery,Thriller
2117,8075.0,Drama,Comedy,Adventure
2118,611241.0,Comedy,Romance,
2119,81621.0,Documentary,,
2120,574011.0,Animation,Family,
2121,222581.0,Drama,Crime,
2122,84329.0,Science Fiction,Comedy,Drama
2123,52369.0,Horror,,
2124,216783.0,Drama,,
2125,617299.0,Drama,,
2126,336203.0,Drama,,
2127,138859.0,Comedy,Romance,
2128,72207.0,Comedy,Romance,
2129,191458.0,Drama,,
2130,355998.0,Comedy,Drama,Romance
2131,293271.0,Animation,Comedy,Family
2132,392791.0,Drama,,
2133,378698.0,Drama,,
2134,549350.0,Documentary,,
2135,179100.0,Drama,,
2136,167502.0,Documentary,Animation,
2137,179538.0,Comedy,Horror,
2138,446101.0,Thriller,Horror,Comedy
2139,72355.0,Drama,Romance,
2140,40827.0,Comedy,Romance,
2141,51999.0,Drama,Science Fiction,Romance
2142,403639.0,Animation,,
2143,107391.0,Animation,Mystery,
2144,93578.0,Comedy,Drama,Romance
2145,424781.0,Fantasy,Science Fiction,Comedy
2146,302688.0,Romance,Comedy,
2147,193077.0,Documentary,,
2148,424965.0,,,
2149,452970.0,Action,Science Fiction,Animation
2150,332160.0,Drama,Fantasy,
2151,80440.0,Drama,,
2152,339186.0,Comedy,,
2153,338632.0,Comedy,,
2154,361705.0,Science Fiction,Animation,Drama
2155,28874.0,Animation,,
2156,479379.0,Mystery,Thriller,
2157,40798.0,Comedy,Drama,Romance
2158,336207.0,Drama,,
2159,619263.0,Science Fiction,,
2160,169817.0,Comedy,Drama,
2161,212721.0,Romance,Comedy,
2162,359678.0,Drama,,
2163,254905.0,Drama,,
2164,518495.0,Comedy,Science Fiction,Drama
2165,259045.0,Drama,,
2166,81167.0,Documentary,,
2167,84188.0,Drama,Thriller,
2168,74725.0,Horror,Thriller,Crime
2169,504585.0,Drama,Science Fiction,
2170,606066.0,Drama,,
2171,391714.0,Drama,Romance,
2172,118354.0,Comedy,,
2173,295699.0,Comedy,,
2174,347201.0,Animation,Action,Comedy
2175,103750.0,Drama,,
2176,80591.0,Drama,Romance,
2177,186970.0,Drama,,
2178,123506.0,Animation,Family,
2179,259963.0,Drama,,
2180,498743.0,Western,,
2181,374466.0,Drama,Fantasy,Horror
2182,255905.0,War,Thriller,
2183,286599.0,Drama,Music,
2184,171298.0,Drama,,
2185,22538.0,Action,Comedy,Fantasy
2186,75229.0,Drama,Thriller,
2187,256962.0,Comedy,Drama,War
2188,54521.0,Comedy,,
2189,283601.0,Thriller,,
2190,450766.0,Thriller,,
2191,124461.0,Comedy,,
2192,517940.0,Drama,,
2193,164122.0,Comedy,Drama,
2194,197772.0,Crime,Fantasy,
2195,482948.0,Drama,,
2196,81401.0,Drama,,
2197,515353.0,Animation,Drama,History
2198,413362.0,Drama,Crime,Thriller
2199,517991.0,Drama,History,Thriller
2200,58633.0,Drama,,
2201,4786.0,Comedy,Drama,
2202,157386.0,Comedy,Drama,Romance
2203,58219.0,Romance,Comedy,Drama
2204,440102.0,Comedy,Drama,
2205,123375.0,Romance,Drama,
2206,40807.0,Comedy,Drama,
2207,212716.0,Drama,Comedy,Romance
2208,489930.0,Comedy,Drama,
2209,519223.0,Thriller,Drama,
2210,272548.0,Comedy,,
2211,382455.0,Drama,,
2212,393521.0,Comedy,Drama,
2213,46829.0,Comedy,Drama,
2214,51735.0,Drama,,
2215,400114.0,Comedy,Drama,
2216,318922.0,Comedy,Crime,Thriller
2217,314385.0,Drama,Romance,
2218,442267.0,Drama,TV Movie,
2219,418670.0,Thriller,,
2220,271683.0,Drama,,
2221,214086.0,Drama,Romance,
2222,157832.0,Drama,,
2223,108322.0,Drama,,
2224,517987.0,Drama,Romance,
2225,113148.0,Comedy,Drama,
2226,86820.0,Drama,Science Fiction,
2227,203788.0,Comedy,,
2228,412988.0,Action,Comedy,Crime
2229,517982.0,Comedy,,
2230,426460.0,Documentary,,
2231,258588.0,Comedy,,
2232,306482.0,Thriller,Drama,
2233,89301.0,Drama,,
2234,268100.0,Drama,,
2235,455108.0,Mystery,Drama,Horror
2236,202087.0,Comedy,,
2237,121872.0,Drama,,
2238,366080.0,Action,Crime,Drama
2239,116953.0,Comedy,,
2240,434773.0,Drama,,
2241,519185.0,Drama,,
2242,354288.0,Drama,,
2243,534622.0,,,
2244,44040.0,Horror,Mystery,Thriller
2245,266036.0,Drama,,
2246,261860.0,Documentary,,
2247,309299.0,Drama,History,
2248,395993.0,Drama,,
2249,348892.0,Action,Comedy,Drama
2250,127374.0,Drama,,
2251,39053.0,Comedy,Drama,Romance
2252,410678.0,Drama,Comedy,
2253,432527.0,Drama,History,Romance
2254,326382.0,Drama,History,
2255,87440.0,Comedy,Drama,
2256,36811.0,Drama,Romance,
2257,516780.0,Comedy,,
2258,167668.0,Drama,,
2259,348678.0,Comedy,Drama,
2260,293767.0,Drama,War,
2261,334521.0,Action,Crime,Mystery
2262,493099.0,Documentary,,
2263,40175.0,Comedy,,
2264,21345.0,Drama,History,War
2265,191718.0,Romance,Drama,Comedy
2266,487416.0,Drama,,
2267,87499.0,Drama,Thriller,
2268,38448.0,Drama,Romance,
2269,429637.0,Drama,,
2270,89623.0,Animation,Family,Adventure
2271,248774.0,Comedy,Romance,
2272,44977.0,Action,Crime,Thriller
2273,571473.0,Drama,Thriller,
2274,112380.0,Drama,,
2275,25195.0,Romance,Comedy,
2276,132316.0,Drama,Romance,
2277,427955.0,Comedy,,
2278,519120.0,Comedy,Drama,
2279,400148.0,Comedy,Romance,
2280,15371.0,Family,Animation,Adventure
2281,150747.0,Comedy,Drama,
2282,55725.0,Drama,Comedy,
2283,549559.0,Documentary,History,
2284,413601.0,,,
2285,210479.0,Drama,Thriller,
2286,403450.0,War,Drama,Comedy
2287,168530.0,Action,Comedy,
2288,59931.0,Comedy,Romance,
2289,62206.0,Action,Adventure,Comedy
2290,352162.0,Drama,,
2291,50318.0,Comedy,Drama,
2292,146223.0,Mystery,Drama,Crime
2293,331588.0,Comedy,Drama,Family
2294,419709.0,Drama,Comedy,
2295,2588.0,Comedy,Drama,
2296,505706.0,Drama,Thriller,Crime
2297,300425.0,Comedy,Drama,Action
2298,161728.0,,,
2299,80801.0,Action,Drama,Comedy
2300,94838.0,Drama,Thriller,
2301,41602.0,Action,Comedy,Drama
2302,392803.0,Drama,,
2303,408542.0,Drama,Crime,
2304,280075.0,Thriller,Mystery,
2305,446696.0,Drama,Romance,
2306,360288.0,War,Animation,Drama
2307,250219.0,Comedy,,
2308,428754.0,Drama,,
2309,335663.0,Drama,,
2310,333674.0,Drama,Thriller,Horror
2311,216790.0,Documentary,,
2312,52850.0,Drama,Comedy,History
2313,553084.0,Drama,,
2314,45094.0,Drama,,
2315,38319.0,Comedy,Fantasy,
2316,301846.0,Horror,,
2317,246011.0,Comedy,,
2318,221189.0,Comedy,,
2319,315868.0,Drama,Comedy,Fantasy
2320,51591.0,Drama,Family,TV Movie
2321,468198.0,Drama,Thriller,Mystery
2322,77805.0,Drama,,
2323,287719.0,Thriller,,
2324,75622.0,Crime,Drama,
2325,413658.0,Action,Adventure,
2326,552088.0,Comedy,,
2327,397113.0,Drama,,
2328,854868.0,TV Movie,Comedy,Romance
2329,58496.0,Documentary,,
2330,382127.0,Drama,,
2331,23759.0,Adventure,Action,Drama
2332,556271.0,Drama,Romance,
2333,496339.0,Action,Comedy,Crime
2334,46458.0,Thriller,Drama,Romance
2335,592776.0,Drama,,
2336,58884.0,Drama,,
2337,62728.0,Drama,Thriller,Crime
2338,436391.0,Action,History,Drama
2339,176794.0,Drama,,
2340,287903.0,Horror,Comedy,Fantasy
2341,414202.0,Drama,,
2342,78571.0,Drama,,
2343,362045.0,War,History,Romance
2344,611748.0,Comedy,Drama,
2345,45272.0,Drama,Romance,Music
2346,59860.0,Adventure,Comedy,Romance
2347,422613.0,Documentary,,
2348,200341.0,Thriller,,
2349,219055.0,Drama,,
2350,493900.0,Romance,Drama,Comedy
2351,120185.0,Drama,History,
2352,158936.0,Drama,,
2353,258378.0,Drama,,
2354,23023.0,Comedy,Family,Fantasy
2355,226648.0,Documentary,,
2356,643534.0,Romance,Comedy,Family
2357,50725.0,Comedy,Drama,Romance
2358,527699.0,Documentary,,
2359,576121.0,Comedy,Adventure,Action
2360,503742.0,Drama,,
2361,346681.0,Comedy,Drama,
2362,34563.0,Comedy,,
2363,15941.0,Drama,History,
2364,315840.0,Drama,Science Fiction,
2365,205601.0,Drama,,
2366,266639.0,Fantasy,Music,Family
2367,420622.0,Drama,Romance,
2368,23706.0,Comedy,,
2369,228205.0,Drama,Romance,
2370,319921.0,Drama,,
2371,534624.0,,,
2372,43931.0,Horror,Mystery,
2373,46689.0,Documentary,,
2374,611594.0,Drama,History,
2375,401546.0,Drama,Thriller,Mystery
2376,537880.0,Drama,History,
2377,296103.0,Comedy,,
2378,111943.0,Drama,,
2379,534075.0,Drama,,
2380,245706.0,Crime,Drama,History
2381,279748.0,Drama,,
2382,25704.0,Comedy,Drama,
2383,232175.0,Drama,,
2384,362140.0,Comedy,Romance,
2385,44754.0,Drama,,
2386,503129.0,Romance,Comedy,Drama
2387,175541.0,Music,Drama,
2388,539456.0,Comedy,,
2389,437557.0,Comedy,,
2390,88042.0,Comedy,,
2391,497814.0,Thriller,Crime,Action
2392,302616.0,Drama,,
2393,82505.0,Horror,Thriller,
2394,397722.0,Drama,Thriller,
2395,76489.0,Comedy,,
2396,253254.0,Drama,,
2397,64678.0,Drama,Romance,
2398,550485.0,Action,Drama,Thriller
2399,108476.0,Documentary,,
2400,445793.0,Comedy,,
2401,596650.0,Romance,Comedy,
2402,39135.0,Fantasy,Drama,Romance
2403,192134.0,Comedy,Crime,Drama
2404,52067.0,Comedy,,
2405,589311.0,Comedy,,
2406,235984.0,Drama,Romance,
